{
    "Ar36": {
        "error": 0.0013677879338015542, 
        "filter_outliers_dict": {
            "filter_outliers": true, 
            "iterations": 2, 
            "std_devs": 2
        }, 
        "fit": "Parabolic", 
        "value": 0.008453506939777368
    }, 
    "Ar37": {
        "error": 0.03979128267670023, 
        "filter_outliers_dict": {
            "filter_outliers": true, 
            "iterations": 2, 
            "std_devs": 2
        }, 
        "fit": "linear", 
        "value": -0.19064138859561083
    }, 
    "Ar38": {
        "error": 0.05375759178564416, 
        "filter_outliers_dict": {
            "filter_outliers": true, 
            "iterations": 2, 
            "std_devs": 2
        }, 
        "fit": "linear", 
        "value": 0.0683377352906759
    }, 
    "Ar39": {
        "error": 0.1549013178539613, 
        "filter_outliers_dict": {
            "filter_outliers": true, 
            "iterations": 2, 
            "std_devs": 2
        }, 
        "fit": "Parabolic", 
        "value": -0.1091247433573507
    }, 
    "Ar40": {
        "error": 0.08421402430267795, 
        "filter_outliers_dict": {
            "filter_outliers": true, 
            "iterations": 2, 
            "std_devs": 2
        }, 
        "fit": "Parabolic", 
        "value": 0.6672138602066722
    }
}