{
    "Ar36": {
        "error": 0.00047527907302899816, 
        "filter_outliers_dict": {
            "filter_outliers": true, 
            "iterations": 1, 
            "std_devs": 2
        }, 
        "fit": "Linear", 
        "value": 0.04003915084373412
    }, 
    "Ar37": {
        "error": 0.01142621970651745, 
        "filter_outliers_dict": {
            "filter_outliers": true, 
            "iterations": 1, 
            "std_devs": 2
        }, 
        "fit": "linear", 
        "value": 2.7552820202644415
    }, 
    "Ar38": {
        "error": 0.006035230524097925, 
        "filter_outliers_dict": {
            "filter_outliers": true, 
            "iterations": 1, 
            "std_devs": 2
        }, 
        "fit": "linear", 
        "value": 2.190911589801998
    }, 
    "Ar39": {
        "error": 0.02459087941117655, 
        "filter_outliers_dict": {
            "filter_outliers": true, 
            "iterations": 1, 
            "std_devs": 2
        }, 
        "fit": "Linear", 
        "value": 169.2016103339127
    }, 
    "Ar40": {
        "error": 0.048946472755755685, 
        "filter_outliers_dict": {
            "filter_outliers": true, 
            "iterations": 1, 
            "std_devs": 2
        }, 
        "fit": "Linear", 
        "value": 825.049722165531
    }, 
    "Ar41": {
        "error": 0.006769247112296837, 
        "filter_outliers_dict": {
            "filter_outliers": true, 
            "iterations": 1, 
            "std_devs": 2
        }, 
        "fit": "Average", 
        "value": -0.13637714169205506
    }
}