{
    "Ar36": {
        "error": 0.0002857804732955412, 
        "filter_outliers_dict": {
            "filter_outliers": true, 
            "iterations": 1, 
            "std_devs": 2
        }, 
        "fit": "Linear", 
        "value": 0.010571993453756364
    }, 
    "Ar37": {
        "error": 0.010562660856412763, 
        "filter_outliers_dict": {
            "filter_outliers": true, 
            "iterations": 1, 
            "std_devs": 2
        }, 
        "fit": "linear", 
        "value": 0.7174738872390176
    }, 
    "Ar38": {
        "error": 0.004337009998016278, 
        "filter_outliers_dict": {
            "filter_outliers": true, 
            "iterations": 1, 
            "std_devs": 2
        }, 
        "fit": "linear", 
        "value": 0.46237204245483565
    }, 
    "Ar39": {
        "error": 0.016852141846292166, 
        "filter_outliers_dict": {
            "filter_outliers": true, 
            "iterations": 1, 
            "std_devs": 2
        }, 
        "fit": "Linear", 
        "value": 37.72624447090011
    }, 
    "Ar40": {
        "error": 0.021768120816302215, 
        "filter_outliers_dict": {
            "filter_outliers": true, 
            "iterations": 1, 
            "std_devs": 2
        }, 
        "fit": "Linear", 
        "value": 184.74706951530163
    }, 
    "Ar41": {
        "error": 0.006595199377673922, 
        "filter_outliers_dict": {
            "filter_outliers": true, 
            "iterations": 1, 
            "std_devs": 2
        }, 
        "fit": "Average", 
        "value": -0.1695924730484829
    }
}