{
    "Ar36": {
        "error": 0.00038014734329631786, 
        "filter_outliers_dict": {
            "filter_outliers": true, 
            "iterations": 1, 
            "std_devs": 2
        }, 
        "fit": "Parabolic", 
        "value": 0.034373034985915873
    }, 
    "Ar37": {
        "error": 0.005099666947314926, 
        "filter_outliers_dict": {
            "filter_outliers": true, 
            "iterations": 1, 
            "std_devs": 2
        }, 
        "fit": "linear", 
        "value": 1.1717653480491144
    }, 
    "Ar38": {
        "error": 0.002343221433201516, 
        "filter_outliers_dict": {
            "filter_outliers": true, 
            "iterations": 1, 
            "std_devs": 2
        }, 
        "fit": "linear", 
        "value": 3.585085860582608
    }, 
    "Ar39": {
        "error": 0.023859749574929038, 
        "filter_outliers_dict": {
            "filter_outliers": true, 
            "iterations": 1, 
            "std_devs": 2
        }, 
        "fit": "Parabolic", 
        "value": 279.80331852294137
    }, 
    "Ar40": {
        "error": 0.04716042698543587, 
        "filter_outliers_dict": {
            "filter_outliers": true, 
            "iterations": 1, 
            "std_devs": 2
        }, 
        "fit": "Parabolic", 
        "value": 1374.2219008009115
    }, 
    "Ar41": {
        "error": 0.006085120331295365, 
        "filter_outliers_dict": {
            "filter_outliers": true, 
            "iterations": 1, 
            "std_devs": 2
        }, 
        "fit": "linear", 
        "value": -0.09435037649843427
    }
}