{
    "Ar36": {
        "error": 0.00025980654842582386, 
        "filter_outliers_dict": {
            "filter_outliers": true, 
            "iterations": 1, 
            "std_devs": 2
        }, 
        "fit": "Linear", 
        "value": 0.009554853280134048
    }, 
    "Ar37": {
        "error": 0.01211843905407577, 
        "filter_outliers_dict": {
            "filter_outliers": true, 
            "iterations": 1, 
            "std_devs": 2
        }, 
        "fit": "linear", 
        "value": 1.9569855065305126
    }, 
    "Ar38": {
        "error": 0.00460956914511657, 
        "filter_outliers_dict": {
            "filter_outliers": true, 
            "iterations": 1, 
            "std_devs": 2
        }, 
        "fit": "linear", 
        "value": 0.18293116134315107
    }, 
    "Ar39": {
        "error": 0.012952115154452657, 
        "filter_outliers_dict": {
            "filter_outliers": true, 
            "iterations": 1, 
            "std_devs": 2
        }, 
        "fit": "Linear", 
        "value": 13.712737946327552
    }, 
    "Ar40": {
        "error": 0.012733029116389466, 
        "filter_outliers_dict": {
            "filter_outliers": true, 
            "iterations": 1, 
            "std_devs": 2
        }, 
        "fit": "Linear", 
        "value": 44.86738169629696
    }, 
    "Ar41": {
        "error": 0.005281868028343556, 
        "filter_outliers_dict": {
            "filter_outliers": true, 
            "iterations": 1, 
            "std_devs": 2
        }, 
        "fit": "Average", 
        "value": -0.1708870904679599
    }
}