{
    "Ar36": {
        "error": 0.0002756209096917128,
        "filter_outliers_dict": {
            "filter_outliers": true,
            "iterations": 1,
            "std_devs": 2,
            "use_iqr_filtering": false,
            "use_standard_deviation_filtering": false
        },
        "fit": "Parabolic",
        "fn": 377,
        "include_baseline_error": false,
        "n": 400,
        "outlier_excluded": [
            128,
            385,
            394,
            277,
            286,
            300,
            302,
            308,
            183,
            317,
            324,
            329,
            208,
            89,
            348,
            349,
            350,
            224,
            362,
            366,
            114,
            121,
            249
        ],
        "reviewed": true,
        "user_excluded": [],
        "value": 0.005310107652201433
    },
    "Ar37": {
        "error": 0.011759698002478973,
        "filter_outliers_dict": {
            "filter_outliers": true,
            "iterations": 1,
            "std_devs": 2,
            "use_iqr_filtering": false,
            "use_standard_deviation_filtering": false
        },
        "fit": "Linear",
        "fn": 379,
        "include_baseline_error": false,
        "n": 400,
        "outlier_excluded": [
            287,
            354,
            259,
            71,
            202,
            172,
            397,
            111,
            240,
            305,
            19,
            83,
            277,
            373,
            87,
            247,
            311,
            155,
            348,
            254,
            63
        ],
        "reviewed": true,
        "user_excluded": [],
        "value": -0.27170993112360753
    },
    "Ar38": {
        "error": 0.014182457894080808,
        "filter_outliers_dict": {
            "filter_outliers": true,
            "iterations": 1,
            "std_devs": 2,
            "use_iqr_filtering": false,
            "use_standard_deviation_filtering": false
        },
        "fit": "Linear",
        "fn": 385,
        "include_baseline_error": false,
        "n": 400,
        "outlier_excluded": [
            96,
            386,
            100,
            292,
            230,
            293,
            363,
            364,
            398,
            177,
            84,
            25,
            28,
            158,
            255
        ],
        "reviewed": true,
        "user_excluded": [],
        "value": -0.028732470353462533
    },
    "Ar39": {
        "error": 0.0266279448907249,
        "filter_outliers_dict": {
            "filter_outliers": true,
            "iterations": 1,
            "std_devs": 2,
            "use_iqr_filtering": false,
            "use_standard_deviation_filtering": false
        },
        "fit": "Parabolic",
        "fn": 390,
        "include_baseline_error": false,
        "n": 400,
        "outlier_excluded": [
            358,
            393,
            299,
            141,
            302,
            369,
            311,
            151,
            28,
            382
        ],
        "reviewed": true,
        "user_excluded": [],
        "value": 0.029513223915931662
    },
    "Ar40": {
        "error": 0.02101933054621302,
        "filter_outliers_dict": {
            "filter_outliers": true,
            "iterations": 1,
            "std_devs": 2,
            "use_iqr_filtering": false,
            "use_standard_deviation_filtering": false
        },
        "fit": "Parabolic",
        "fn": 386,
        "include_baseline_error": false,
        "n": 400,
        "outlier_excluded": [
            130,
            386,
            357,
            326,
            72,
            328,
            392,
            140,
            396,
            53,
            85,
            57,
            59,
            382
        ],
        "reviewed": true,
        "user_excluded": [],
        "value": 0.4999601329371781
    }
}