{
    "Ar36": {
        "error": 0.0010085520441338194, 
        "filter_outliers_dict": {
            "filter_outliers": true, 
            "iterations": 2, 
            "std_devs": 2
        }, 
        "fit": "Parabolic", 
        "value": 0.2117712223771671
    }, 
    "Ar37": {
        "error": 0.011500321516445908, 
        "filter_outliers_dict": {
            "filter_outliers": true, 
            "iterations": 2, 
            "std_devs": 2
        }, 
        "fit": "linear", 
        "value": -0.5076487235896429
    }, 
    "Ar38": {
        "error": 0.012059567588956278, 
        "filter_outliers_dict": {
            "filter_outliers": true, 
            "iterations": 2, 
            "std_devs": 2
        }, 
        "fit": "linear", 
        "value": -0.07179859808275059
    }, 
    "Ar39": {
        "error": 0.021569900792316733, 
        "filter_outliers_dict": {
            "filter_outliers": true, 
            "iterations": 2, 
            "std_devs": 2
        }, 
        "fit": "Parabolic", 
        "value": 0.06888595407217217
    }, 
    "Ar40": {
        "error": 0.02336327606091115, 
        "filter_outliers_dict": {
            "filter_outliers": true, 
            "iterations": 2, 
            "std_devs": 2
        }, 
        "fit": "Parabolic", 
        "value": 60.92020774450892
    }
}