{
    "Ar36": {
        "error": 0.003160836617494269, 
        "filter_outliers_dict": {
            "filter_outliers": true, 
            "iterations": 2, 
            "std_devs": 2
        }, 
        "fit": "Parabolic", 
        "value": 1.9523640987625364
    }, 
    "Ar37": {
        "error": 0.011527466483399322, 
        "filter_outliers_dict": {
            "filter_outliers": true, 
            "iterations": 2, 
            "std_devs": 2
        }, 
        "fit": "linear", 
        "value": -0.25547730347045877
    }, 
    "Ar38": {
        "error": 0.0114894974383912, 
        "filter_outliers_dict": {
            "filter_outliers": true, 
            "iterations": 2, 
            "std_devs": 2
        }, 
        "fit": "linear", 
        "value": 0.3658898748053002
    }, 
    "Ar39": {
        "error": 0.02452617805006256, 
        "filter_outliers_dict": {
            "filter_outliers": true, 
            "iterations": 2, 
            "std_devs": 2
        }, 
        "fit": "Parabolic", 
        "value": 0.024749411946926304
    }, 
    "Ar40": {
        "error": 0.05407990547285694, 
        "filter_outliers_dict": {
            "filter_outliers": true, 
            "iterations": 2, 
            "std_devs": 2
        }, 
        "fit": "Parabolic", 
        "value": 582.1140856435716
    }
}