{
    "Ar36": {
        "error": 0.0002767109935927264, 
        "filter_outliers_dict": {
            "filter_outliers": true, 
            "iterations": 2, 
            "std_devs": 2
        }, 
        "fit": "Parabolic", 
        "value": 0.009043837940501454
    }, 
    "Ar37": {
        "error": 0.009902345416895384, 
        "filter_outliers_dict": {
            "filter_outliers": true, 
            "iterations": 2, 
            "std_devs": 2
        }, 
        "fit": "linear", 
        "value": -0.46777589784710105
    }, 
    "Ar38": {
        "error": 0.012157493245051124, 
        "filter_outliers_dict": {
            "filter_outliers": true, 
            "iterations": 2, 
            "std_devs": 2
        }, 
        "fit": "linear", 
        "value": -0.060233490558462
    }, 
    "Ar39": {
        "error": 0.022606038118175072, 
        "filter_outliers_dict": {
            "filter_outliers": true, 
            "iterations": 2, 
            "std_devs": 2
        }, 
        "fit": "Parabolic", 
        "value": 0.0705190622857213
    }, 
    "Ar40": {
        "error": 0.01754350526247739, 
        "filter_outliers_dict": {
            "filter_outliers": true, 
            "iterations": 2, 
            "std_devs": 2
        }, 
        "fit": "Parabolic", 
        "value": 1.6208721114173383
    }
}